BUS.xml

<?xml version="1.0"?>
<BUSINFO>

<BUS NO="B001">
<BUSNAME>MALEGAON </BUSNAME>
<SOURCE> MALEGAON TO NASHIL </SOURCE>
<DESIGNATION>109 </DESIGNATION>
</BUS>

<BUS NO="B003">
<BUSNAME>MALEGAON </BUSNAME>
<SOURCE> MALEGAON TO NASHIL </SOURCE>
<DESIGNATION>109 </DESIGNATION>
</BUS>

<BUS NO="B011">
<BUSNAME>MALEGAON </BUSNAME>
<SOURCE> MALEGAON TO NASHIL </SOURCE>
<DESIGNATION>109 </DESIGNATION>
</BUS>

<BUS NO="B041">
<BUSNAME>MALEGAON </BUSNAME>
<SOURCE> MALEGAON TO NASHIL </SOURCE>
<DESIGNATION>109 </DESIGNATION>
</BUS>

<BUS NO="B2541">
<BUSNAME>MALEGAON </BUSNAME>
<SOURCE> MALEGAON TO NASHIL </SOURCE>
<DESIGNATION>109 </DESIGNATION>
</BUS>

<BUS NO="B1000">
<BUSNAME>MALEGAON </BUSNAME>
<SOURCE> MALEGAON TO NASHIL </SOURCE>
<DESIGNATION>109 </DESIGNATION>
</BUS>

</BUSINFO>